Target	AllWords	Default_BOW	Optimized_BOW	Default_SubLexicon	Optimized_SubLexicon	Default_ArgLexicon	Optimized_ArgLexicon
Hillary Clinton	0.6237288135593221	0.6305084745762712	0.6338983050847458	0.6271186440677966	0.6576271186440678	0.6271186440677966	0.6610169491525424
Climate Change is a Real Concern	0.727810650887574	0.7278106508875741	0.7396449704142012	0.7337278106508875	0.7337278106508875	0.7218934911242604	0.727810650887574
Legalization of Abortion	0.6928571428571428	0.6892857142857143	0.6892857142857143	0.6892857142857143	0.6892857142857143	0.6928571428571428	0.6928571428571428
Atheism	0.7318181818181818	0.7227272727272728	0.7227272727272728	0.7318181818181818	0.7318181818181818	0.7318181818181818	0.7318181818181818
Feminist Movement	0.6421052631578947	0.6210526315789474	0.6421052631578947	0.631578947368421	0.6421052631578947	0.6421052631578947	0.6421052631578947
